id,user
2610,Klaus
2462,keznit
24007,Shyy
1311,Melser
8673,heat
604,Boostio
3880,bang
4147,Cryocells
796,eeiu
601,Asuna
10653,suzu
39904,SereNa
39902,UR
29314,Moco
29316,aco
22828,MILKY
31254,FETA
14170,McKinley
29821,Sinaway
31255,BiggieCheese
5228,Minimise
6659,Dragon
1062,LEW
2993,rDeeW
1175,signed
3269,Antidote
10203,tesseract
15443,traNz
13221,azys
12947,rawfiul
18704,LeVi
12323,RvK
4089,DOXZ3R
10790,LBY
2252,Anq
30286,karam1l
31593,kiss
33714,vina
22814,gloom
31589,murza
26316,raymen
26310,IKANA
1174,Crunchy
1176,Nozz
31629,Muzz
14539,Mazuong
29790,Zauqk
30693,Makaveli
3502,Ri0
5541,tryst
31371,trinxty
26376,DcRulz
20011,saun
1745,adrnking
3639,Hoax
10758,Kohliii
27336,Venka
9263,sayoo
12320,FOX
15361,swag
11105,richzin
945,drakoNz
14950,gobera
36106,skz
25743,raafa
8873,dgzin
660,pancc
20238,Askia
1581,GuhRVN
3169,Zap
662,pryze
6195,lz
21661,spike
11921,silentzz
3455,Zanatsu
5395,cortezia
1586,v1nny
3433,CTC
3157,gaabxx
5009,LuffysaN
40631,Surve
7485,ezzy
30877,LilBOii
5536,Whimp
4693,blackhawk
30575,r1seN
9741,Aryu
27775,Techno
7434,d1srupt
3488,GauRanG
3628,DEATHMAKER
3627,hellff
3269,Antidote
10203,tesseract
15443,traNz
13221,azys
12947,rawfiul
18704,LeVi
4095,SkRossi
7804,severiNe
16215,dos9
3630,skillZ
28612,tricky
10463,Paradox
16459,Elite
569,pAura
8041,Brave
10146,reazy
10161,QutionerX
1427,Redgar
1885,purp0
292,Fit1nho
2690,hoody
4181,Cloud
2173,MAGNUM
19691,tomaszy
36245,N4RRATE
10307,marteen
2625,sh1n
1144,Boo
18350,MiniBoo
21328,Wo0t
10971,RieNs
29873,benjyfishy
12323,RvK
4089,DOXZ3R
10790,LBY
2252,Anq
30286,karam1l
1745,adrnking
3639,Hoax
10758,Kohliii
27336,Venka
9263,sayoo
12320,FOX
4720,Haodong
3520,ZmjjKK
3017,nobody
29401,Muggle
15559,CHICHOO
4742,Smoggy
25949,bunt
14431,monk
10821,deLb
4881,Spitfires
3049,sword9
5009,LuffysaN
40631,Surve
7485,ezzy
30877,LilBOii
5536,Whimp
4693,blackhawk
30575,r1seN
3271,Excali
19231,Kibojn
18702,Deadly10
3268,vibhoRR
3281,psy
4321,ceNder
2168,trexx
11134,Kicks
21610,runneR
312,Sayf
565,starxo
14681,kamo
451,ShadoW
5550,grubinho
1428,sheydos
109,ANGE1
384,Shao
11,Zyppan
2858,SUYGETSU
98,ardiis
438,Boaster
1380,Leo
5022,Derke
458,Chronicle
9810,Alfajer
2334,JessieVash
8504,invy
2333,BORKUM
7405,Jremy
12322,NDG
31207,Carpe
4545,Sayaplayer
1129,Rossy
29833,iZu
10816,xccurate
9800,mindfreak
7378,Jinggg
9801,f0rsakeN
9803,d4v41
17086,something
3977,Crws
13788,JitBoyS
23062,Surf
8137,lenne
5129,ban
3980,Governor
11218,Yuicaw
14125,Spring
14441,aluba
3020,coldfish
871,pl1xx
10486,YHchen
16924,stew
36415,Viva
3519,jkuro
4320,YiHao
36668,MarT1n
114,Enzo
9780,Jamppi
457,nAts
1457,Mistic
11494,Keiko
220,beyAz
301,TakaS
5004,nataNk
19522,Wailers
868,logaN
16459,Elite
569,pAura
8041,Brave
10146,reazy
10161,QutionerX
8044,MrFaliN
8369,yetujey
6510,AtaKaptan
573,cNed
1139,qRaxs
1265,johnqt
9,TenZ
729,Zellsis
4004,zekken
659,Sacy
1671,kon4n
939,mwzera
8706,havoc
1711,Khalil
725,nzr
4880,nizhaoTZH
3741,vo0kashu
41774,Shion7
11524,Nicc
7841,TvirusLuke
4705,Flex1n
41739,slowly
3547,Ninebody
4771,ICEKING
4773,AAK
7135,hfmi0dzjc9z7
14444,Eren
217,SEIDER
17644,Matrixx
5292,al0rante
4244,YaBoiLewis
12528,DisisJohn
5203,Bati
12593,Felix
7866,Click
448,Meddo
1153,murii
25329,B3ar
4885,whzy
40845,Levius
4774,Knight
6022,Yosemite
3021,Biank
7857,BerLIN
872,Autumn
3028,Life
19530,AAAAY
37489,Lysoar
4763,ZiXuan
11225,Ethan
4,crashies
261,Victor
263,Marved
26171,Demon1
604,Boostio
3880,bang
4147,Cryocells
796,eeiu
601,Asuna
2610,Klaus
2462,keznit
24007,Shyy
1311,Melser
8673,heat
8549,kiNgg
1818,tex
7603,Mazino
8480,aspas
619,C0M
4727,PangH
4402,o0o0o
36670,OBONE
1209,SWERL
39697,CB
41054,GuanG
14445,AC
25339,LockM
19531,QiuYe
40706,shameless
5011,Abo
4778,kawaii
488,Rb
3045,LuoK1ng
37494,Kai
5013,cxyy
4770,FengF
4710,YOU
4712,heybay
4720,Haodong
3520,ZmjjKK
3017,nobody
29401,Muggle
15559,CHICHOO
4742,Smoggy
7870,vanity
7871,Xeppaa
16003,runi
7458,moose
18796,OXY
13093,jzz
8872,mazin
5957,artzin
5351,RgLMeister
651,frz
